Name,Type,Location,Reservation,Coat Check,Cover,Price,Stars,Link,Reviews,Business Hours,Number of Reviews
Tao's,Asian Skincare,Newbury,,,,,,https://taosbeauty.com/,,,0
Firends ad Family,Vintage,Cambridge,,,,,5,https://www.instagram.com/friendsandfamilycambridge/?hl=en,,,1
Glass Ripples,Home ,Cambridge,,,,,,https://glassripples.com/,,,0
2nd Street USA,Vintage,Burlington Mall,,,,,,https://2ndstreetusa.com/ ,,,0
ModHaus,Vintage Home,Peabody,,,,,,https://www.1stdibs.com/dealers/modhaus/ ,,,0
Cambridge Antique Market,Vintage Home,Cambridge,,,,,,https://www.cambridgeantiquemarket.com/ ,,,0
ReMARKable Cleanouts,Vintage Home,Norwood,,,,,,https://remarkablecleanouts.com/ ,,,0
Salvage Angel,Vintage,Norwood,,,,,,https://www.instagram.com/salvage.angel/?hl=en ,,,0
Faneuil Hall Marketplace,,4 S Market Bldg,,,,$$,3.9,https://www.yelp.com/biz/faneuil-hall-marketplace-boston-3?adjust_creative=MJG9nGcXziyd-cakMaW14A&utm_campaign=yelp_api_v3&utm_medium=api_v3_business_search&utm_source=MJG9nGcXziyd-cakMaW14A,,Monday: 10:00 AM - 09:00 PM; Tuesday: 10:00 AM - 09:00 PM; Wednesday: 10:00 AM - 09:00 PM; Thursday: 10:00 AM - 09:00 PM; Friday: 10:00 AM - 09:00 PM; Saturday: 10:00 AM - 09:00 PM; Sunday: 11:00 AM - 07:00 PM,0
Boston Seaport,,101 Seaport Blvd,,,,,4.5,https://www.yelp.com/biz/boston-seaport-boston?adjust_creative=MJG9nGcXziyd-cakMaW14A&utm_campaign=yelp_api_v3&utm_medium=api_v3_business_search&utm_source=MJG9nGcXziyd-cakMaW14A,,Monday: 10:00 AM - 09:00 PM; Tuesday: 10:00 AM - 09:00 PM; Wednesday: 10:00 AM - 09:00 PM; Thursday: 10:00 AM - 09:00 PM; Friday: 10:00 AM - 09:00 PM; Saturday: 10:00 AM - 09:00 PM; Sunday: 10:00 AM - 09:00 PM,0
Boston Public Market,,100 Hanover St,,,,$$,4.2,https://www.yelp.com/biz/boston-public-market-boston-2?adjust_creative=MJG9nGcXziyd-cakMaW14A&utm_campaign=yelp_api_v3&utm_medium=api_v3_business_search&utm_source=MJG9nGcXziyd-cakMaW14A,,Monday: 08:00 AM - 06:00 PM; Tuesday: 08:00 AM - 06:00 PM; Wednesday: 08:00 AM - 08:00 PM; Thursday: 08:00 AM - 08:00 PM; Friday: 08:00 AM - 08:00 PM; Saturday: 08:00 AM - 08:00 PM; Sunday: 10:00 AM - 06:00 PM,0
Quincy Market,,4 S Market St,,,,$$,4,https://www.yelp.com/biz/quincy-market-boston-2?adjust_creative=MJG9nGcXziyd-cakMaW14A&utm_campaign=yelp_api_v3&utm_medium=api_v3_business_search&utm_source=MJG9nGcXziyd-cakMaW14A,,Monday: 10:00 AM - 09:00 PM; Tuesday: 10:00 AM - 09:00 PM; Wednesday: 10:00 AM - 09:00 PM; Thursday: 10:00 AM - 09:00 PM; Friday: 10:00 AM - 09:00 PM; Saturday: 10:00 AM - 09:00 PM; Sunday: 12:00 PM - 06:00 PM,0
Copley Place,,100 Huntington Ave,,,,$$$,3.8,https://www.yelp.com/biz/copley-place-boston?adjust_creative=MJG9nGcXziyd-cakMaW14A&utm_campaign=yelp_api_v3&utm_medium=api_v3_business_search&utm_source=MJG9nGcXziyd-cakMaW14A,,Monday: 11:00 AM - 07:00 PM; Tuesday: 11:00 AM - 07:00 PM; Wednesday: 11:00 AM - 07:00 PM; Thursday: 11:00 AM - 07:00 PM; Friday: 11:00 AM - 07:00 PM; Saturday: 11:00 AM - 07:00 PM; Sunday: 12:00 PM - 06:00 PM,0
Newbury Street,,10 Newbury St,,,,,4.3,https://www.yelp.com/biz/newbury-street-boston?adjust_creative=MJG9nGcXziyd-cakMaW14A&utm_campaign=yelp_api_v3&utm_medium=api_v3_business_search&utm_source=MJG9nGcXziyd-cakMaW14A,,,0
Primark,,10 Summer St,,,,$,3.4,https://www.yelp.com/biz/primark-boston?adjust_creative=MJG9nGcXziyd-cakMaW14A&utm_campaign=yelp_api_v3&utm_medium=api_v3_business_search&utm_source=MJG9nGcXziyd-cakMaW14A,,Monday: 10:00 AM - 08:00 PM; Tuesday: 10:00 AM - 08:00 PM; Wednesday: 10:00 AM - 08:00 PM; Thursday: 10:00 AM - 08:00 PM; Friday: 10:00 AM - 08:00 PM; Saturday: 10:00 AM - 08:00 PM; Sunday: 10:00 AM - 08:00 PM,0
Nordstrom Rack,,497 Boylston St,,,,$$,3.2,https://www.yelp.com/biz/nordstrom-rack-boston-5?adjust_creative=MJG9nGcXziyd-cakMaW14A&utm_campaign=yelp_api_v3&utm_medium=api_v3_business_search&utm_source=MJG9nGcXziyd-cakMaW14A,,Monday: 10:00 AM - 09:00 PM; Tuesday: 10:00 AM - 09:00 PM; Wednesday: 10:00 AM - 09:00 PM; Thursday: 10:00 AM - 09:00 PM; Friday: 10:00 AM - 09:00 PM; Saturday: 10:00 AM - 09:00 PM; Sunday: 11:00 AM - 07:00 PM,0
TJ Maxx,,350 Washington St,,,,$$,3.2,https://www.yelp.com/biz/tj-maxx-boston?adjust_creative=MJG9nGcXziyd-cakMaW14A&utm_campaign=yelp_api_v3&utm_medium=api_v3_business_search&utm_source=MJG9nGcXziyd-cakMaW14A,,Monday: 09:30 AM - 09:00 PM; Tuesday: 09:30 AM - 09:00 PM; Wednesday: 09:30 AM - 09:00 PM; Thursday: 09:30 AM - 09:00 PM; Friday: 09:30 AM - 09:00 PM; Saturday: 09:30 AM - 09:00 PM; Sunday: 10:00 AM - 08:00 PM,0
Best of Boston,,354 N Market Bldg,,,,$$,3.9,https://www.yelp.com/biz/best-of-boston-boston-5?adjust_creative=MJG9nGcXziyd-cakMaW14A&utm_campaign=yelp_api_v3&utm_medium=api_v3_business_search&utm_source=MJG9nGcXziyd-cakMaW14A,,Monday: 10:00 AM - 09:00 PM; Tuesday: 10:00 AM - 09:00 PM; Wednesday: 10:00 AM - 09:00 PM; Thursday: 10:00 AM - 09:00 PM; Friday: 10:00 AM - 09:00 PM; Saturday: 10:00 AM - 09:00 PM; Sunday: 12:00 PM - 06:00 PM,0
MoreFun,,31 Harrison Ave,,,,,4.8,https://www.yelp.com/biz/morefun-boston-3?adjust_creative=MJG9nGcXziyd-cakMaW14A&utm_campaign=yelp_api_v3&utm_medium=api_v3_business_search&utm_source=MJG9nGcXziyd-cakMaW14A,,Monday: 11:30 AM - 08:30 PM; Tuesday: 11:30 AM - 08:30 PM; Wednesday: 11:30 AM - 08:30 PM; Thursday: 11:30 AM - 08:30 PM; Friday: 11:30 AM - 09:00 PM; Saturday: 11:30 AM - 09:00 PM; Sunday: 11:30 AM - 08:30 PM,0
SoWa Vintage Market,,450 Harrison Ave,,,,$$,4,https://www.yelp.com/biz/sowa-vintage-market-boston?adjust_creative=MJG9nGcXziyd-cakMaW14A&utm_campaign=yelp_api_v3&utm_medium=api_v3_business_search&utm_source=MJG9nGcXziyd-cakMaW14A,,Sunday: 11:00 AM - 04:00 PM,0
Prudential Center,,800 Boylston St,,,,$$$,3.7,https://www.yelp.com/biz/prudential-center-boston-5?adjust_creative=MJG9nGcXziyd-cakMaW14A&utm_campaign=yelp_api_v3&utm_medium=api_v3_business_search&utm_source=MJG9nGcXziyd-cakMaW14A,,Monday: 11:00 AM - 09:00 PM; Tuesday: 11:00 AM - 09:00 PM; Wednesday: 11:00 AM - 09:00 PM; Thursday: 11:00 AM - 09:00 PM; Friday: 11:00 AM - 09:00 PM; Saturday: 11:00 AM - 09:00 PM; Sunday: 11:00 AM - 08:00 PM,0
LIT Boutique,,236 Hanover St,,,,$$,3.7,https://www.yelp.com/biz/lit-boutique-boston?adjust_creative=MJG9nGcXziyd-cakMaW14A&utm_campaign=yelp_api_v3&utm_medium=api_v3_business_search&utm_source=MJG9nGcXziyd-cakMaW14A,,Monday: 11:00 AM - 08:00 PM; Tuesday: 11:00 AM - 08:00 PM; Wednesday: 11:00 AM - 08:00 PM; Thursday: 11:00 AM - 08:00 PM; Friday: 11:00 AM - 08:00 PM; Saturday: 11:00 AM - 08:00 PM; Sunday: 11:00 AM - 07:00 PM,0
Macy's,,450 Washington St,,,,$$,2.3,https://www.yelp.com/biz/macys-boston?adjust_creative=MJG9nGcXziyd-cakMaW14A&utm_campaign=yelp_api_v3&utm_medium=api_v3_business_search&utm_source=MJG9nGcXziyd-cakMaW14A,,Monday: 10:00 AM - 09:00 PM; Tuesday: 10:00 AM - 09:00 PM; Wednesday: 10:00 AM - 09:00 PM; Thursday: 10:00 AM - 09:00 PM; Friday: 10:00 AM - 09:00 PM; Saturday: 10:00 AM - 09:00 PM; Sunday: 11:00 AM - 08:00 PM,0
Boston Gift Shop,,17 N Sq,,,,$,4.4,https://www.yelp.com/biz/boston-gift-shop-boston?adjust_creative=MJG9nGcXziyd-cakMaW14A&utm_campaign=yelp_api_v3&utm_medium=api_v3_business_search&utm_source=MJG9nGcXziyd-cakMaW14A,,Monday: 11:00 AM - 05:00 PM; Tuesday: 11:00 AM - 05:00 PM; Wednesday: 11:00 AM - 05:00 PM; Thursday: 11:00 AM - 05:00 PM; Friday: 11:00 AM - 05:00 PM; Saturday: 10:00 AM - 05:00 PM; Sunday: 11:00 AM - 05:00 PM,0
Essex Corner,,50 Essex St,,,,$,4,https://www.yelp.com/biz/essex-corner-boston?adjust_creative=MJG9nGcXziyd-cakMaW14A&utm_campaign=yelp_api_v3&utm_medium=api_v3_business_search&utm_source=MJG9nGcXziyd-cakMaW14A,,Monday: 10:00 AM - 07:00 PM; Tuesday: 10:00 AM - 07:00 PM; Wednesday: 10:00 AM - 07:00 PM; Thursday: 10:00 AM - 07:00 PM; Friday: 10:00 AM - 07:00 PM; Saturday: 10:00 AM - 07:00 PM; Sunday: 10:00 AM - 07:00 PM,0
Everlane,,121 Seaport Blvd,,,,,4.6,https://www.yelp.com/biz/everlane-boston?adjust_creative=MJG9nGcXziyd-cakMaW14A&utm_campaign=yelp_api_v3&utm_medium=api_v3_business_search&utm_source=MJG9nGcXziyd-cakMaW14A,,Monday: 10:00 AM - 08:00 PM; Tuesday: 10:00 AM - 08:00 PM; Wednesday: 10:00 AM - 08:00 PM; Thursday: 10:00 AM - 08:00 PM; Friday: 10:00 AM - 08:00 PM; Saturday: 10:00 AM - 08:00 PM; Sunday: 11:00 AM - 07:00 PM,0
Vintage Taste,,100 Charles St,,,,$$,3.3,https://www.yelp.com/biz/vintage-taste-boston-2?adjust_creative=MJG9nGcXziyd-cakMaW14A&utm_campaign=yelp_api_v3&utm_medium=api_v3_business_search&utm_source=MJG9nGcXziyd-cakMaW14A,,Monday: 11:00 AM - 05:00 PM; Tuesday: 11:00 AM - 05:00 PM; Wednesday: 11:00 AM - 05:00 PM; Thursday: 11:00 AM - 05:00 PM; Friday: 11:00 AM - 05:00 PM; Saturday: 11:00 AM - 05:00 PM,0
Shake The Tree,,67 Salem St,,,,$$$,4.3,https://www.yelp.com/biz/shake-the-tree-boston?adjust_creative=MJG9nGcXziyd-cakMaW14A&utm_campaign=yelp_api_v3&utm_medium=api_v3_business_search&utm_source=MJG9nGcXziyd-cakMaW14A,,Monday: 11:00 AM - 07:00 PM; Tuesday: 11:00 AM - 07:00 PM; Wednesday: 11:00 AM - 07:00 PM; Thursday: 11:00 AM - 07:00 PM; Friday: 11:00 AM - 07:00 PM; Saturday: 10:00 AM - 07:00 PM; Sunday: 12:00 PM - 05:00 PM,0
Boston Public Market,,100 Hanover St,,,,$$,4.2,https://www.yelp.com/biz/boston-public-market-boston-2?adjust_creative=MJG9nGcXziyd-cakMaW14A&utm_campaign=yelp_api_v3&utm_medium=api_v3_business_search&utm_source=MJG9nGcXziyd-cakMaW14A,,Monday: 08:00 AM - 06:00 PM; Tuesday: 08:00 AM - 06:00 PM; Wednesday: 08:00 AM - 08:00 PM; Thursday: 08:00 AM - 08:00 PM; Friday: 08:00 AM - 08:00 PM; Saturday: 08:00 AM - 08:00 PM; Sunday: 09:00 AM - 06:00 PM,0
